{
  "project_info": {
    "project_number": "1070308206402",
    "project_id": "databaseml",
    "storage_bucket": "databaseml.appspot.com"
  },
  "client": [
    {
      "client_info": {
        "mobilesdk_app_id": "1:1070308206402:android:93076a20c84683f3288adb",
        "android_client_info": {
          "package_name": "com.example.proyekmlkel6"
        }
      },
      "oauth_client": [
        {
          "client_id": "1070308206402-oedktcdf3q4f0ocu73poepdtrvc2emiu.apps.googleusercontent.com",
          "client_type": 3
        }
      ],
      "api_key": [
        {
          "current_key": "AIzaSyDu9Ho4soP__R4qlLSUT3EJlDsXhly2x50"
        }
      ],
      "services": {
        "appinvite_service": {
          "other_platform_oauth_client": [
            {
              "client_id": "1070308206402-oedktcdf3q4f0ocu73poepdtrvc2emiu.apps.googleusercontent.com",
              "client_type": 3
            }
          ]
        }
      }
    }
  ],
  "configuration_version": "1"
}